_id,title,url,platform,raw_heat,weighted_heat,normalized_heat,timestamp,_source_database
68c395c63a6d1262d7096e36,航母福建舰首次通过台湾海峡,https://www.toutiao.com/trending/7548966037035683369/,toutiao,70161879.0,63145691.1,1.0,2025-09-12T03:38:46.790681,chatdb
68c395c63a6d1262d7096e37,王楚钦倒地暴冲失败打自己屁股,https://www.toutiao.com/trending/7548385839706964009/,toutiao,63485094.0,57136584.6,0.9048374260330172,2025-09-12T03:38:46.790681,chatdb
68c395c63a6d1262d7096e38,今天一起接英雄回家,https://www.toutiao.com/trending/7548835567976824882/,toutiao,57443688.0,51699319.2,0.81873075263563,2025-09-12T03:38:46.790681,chatdb
68c395c63a6d1262d7096e39,外交部：不接受菲方的所谓“抗议”,https://www.toutiao.com/trending/7548648612583079972/,toutiao,51977198.0,46779478.2,0.7408182155440849,2025-09-12T03:38:46.790681,chatdb
68c395c63a6d1262d7096e3a,内塔尼亚胡称绝不会有巴勒斯坦国,https://www.toutiao.com/trending/7548209440558972970/,toutiao,47030914.0,42327822.6,0.6703200465882619,2025-09-12T03:38:46.790681,chatdb
68c395c63a6d1262d7096e3b,多家西贝门店称上线“罗永浩菜单”,https://www.toutiao.com/trending/7549032246108507699/,toutiao,42555331.0,38299797.9,0.6065306631824954,2025-09-12T03:38:46.790681,chatdb
68c395c63a6d1262d7096e3c,第十二批在韩志愿军烈士遗骸回国,https://www.toutiao.com/trending/7547914199549345834/,toutiao,38505656.0,34655090.4,0.5488116417178621,2025-09-12T03:38:46.790681,chatdb
68c395c63a6d1262d7096e3d,你会去看《731》电影吗,https://www.toutiao.com/trending/7548422562200423955/,toutiao,34841358.0,31357222.2,0.4965853038228922,2025-09-12T03:38:46.790681,chatdb
68c395c63a6d1262d7096e3e,河南一正厅级“内鬼”被查,https://www.toutiao.com/trending/7549016873279946815/,toutiao,31525764.0,28373187.6,0.44932895825096136,2025-09-12T03:38:46.790681,chatdb
68c395c63a6d1262d7096e3f,警方辟谣贵阳文昌阁虐猫事件,https://www.toutiao.com/trending/7548985221123788314/,toutiao,28525691.0,25673121.900000002,0.40656965586682764,2025-09-12T03:38:46.790681,chatdb
68c395c63a6d1262d7096e40,许昌暴雨破纪录,https://www.toutiao.com/trending/7547709715943505947/,toutiao,25811113.0,23230001.7,0.36787944347955676,2025-09-12T03:38:46.790681,chatdb
68c395c63a6d1262d7096e41,你会考虑购买iPhone 17吗,https://www.toutiao.com/trending/7548670117173792275/,toutiao,23354860.0,21019374.0,0.33287107376357467,2025-09-12T03:38:46.790681,chatdb
68c395c63a6d1262d7096e42,商务部回应墨西哥拟对华征50%关税,https://www.toutiao.com/trending/7548976294571019819/,toutiao,21132352.0,19019116.8,0.3011942140261095,2025-09-12T03:38:46.790681,chatdb
68c395c63a6d1262d7096e43,四个大叔饿一天求助路人,https://www.toutiao.com/trending/7548851856504586250/,toutiao,19121342.0,17209207.8,0.2725317832494195,2025-09-12T03:38:46.790681,chatdb
68c395c63a6d1262d7096e44,特朗普盟友柯克遭枪杀细节曝光,https://www.toutiao.com/trending/7548978020678127143/,toutiao,17301706.0,15571535.4,0.24659695901245746,2025-09-12T03:38:46.790681,chatdb
68c395c63a6d1262d7096e45,武契奇表白中国,https://www.toutiao.com/trending/7547894798561263643/,toutiao,15655231.0,14089707.9,0.2231301559070275,2025-09-12T03:38:46.790681,chatdb
68c395c63a6d1262d7096e46,一图看懂两孩非亲生热点事件,https://www.toutiao.com/trending/7548239438506639399/,toutiao,14165439.0,12748895.1,0.20189651705308517,2025-09-12T03:38:46.790681,chatdb
68c395c63a6d1262d7096e47,兵哥哥回应妻子晒照“宣誓主权”,https://www.toutiao.com/trending/7548429946080182326/,toutiao,12817419.0,11535677.1,0.18268351963606902,2025-09-12T03:38:46.790681,chatdb
68c395c63a6d1262d7096e48,航母福建舰首次通过台湾海峡,https://www.douyin.com/hot/2233937,douyin,12117319.0,10905587.1,0.17270516657628282,2025-09-12T03:38:46.790681,chatdb
68c395c63a6d1262d7096e49,预制菜标准如何划定,https://www.toutiao.com/trending/7549009659332415017/,toutiao,11597680.0,10437912.0,0.16529887975206592,2025-09-12T03:38:46.790681,chatdb
68c395c63a6d1262d7096e4a,王楚钦3:1格罗特,https://www.douyin.com/hot/2233836,douyin,11309617.0,10178655.3,0.16119318868298838,2025-09-12T03:38:46.790681,chatdb
68c395c63a6d1262d7096e4b,山河无恙 英雄荣归,https://www.douyin.com/hot/2234214,douyin,10918061.0,9826254.9,0.15561243734649696,2025-09-12T03:38:46.790681,chatdb
68c395c63a6d1262d7096e4c,第12批在韩志愿军烈士遗骸归国,https://www.douyin.com/hot/2233896,douyin,10899737.0,9809763.3,0.1553512698826096,2025-09-12T03:38:46.790681,chatdb
68c395c63a6d1262d7096e4d,两位老兵相约沈阳接牺牲战友回家,https://www.toutiao.com/trending/7548640801388052523/,toutiao,10494015.0,9444613.5,0.14956861403327013,2025-09-12T03:38:46.790681,chatdb
68c395c63a6d1262d7096e4e,老一辈严选的店总没错,https://www.douyin.com/hot/2232310,douyin,10311130.0,9280017.0,0.14696199912205885,2025-09-12T03:38:46.790681,chatdb
68c395c63a6d1262d7096e4f,美媒担忧查理柯克被杀加剧分裂,https://www.douyin.com/hot/2233088,douyin,10281318.0,9253186.200000001,0.14653709602047574,2025-09-12T03:38:46.790681,chatdb
68c395c63a6d1262d7096e50,黄金突破了45年前的狂热高点,https://www.toutiao.com/trending/7548983367862062646/,toutiao,9495377.0,8545839.3,0.13533527230648998,2025-09-12T03:38:46.790681,chatdb
68c395c63a6d1262d7096e51,中国资产大涨,https://www.douyin.com/hot/2234031,douyin,9180253.0,8262227.7,0.13084388746202194,2025-09-12T03:38:46.790681,chatdb
68c395c63a6d1262d7096e52,蔚来再获10亿美元融资,https://www.douyin.com/hot/2233295,douyin,9179963.0,8261966.7,0.1308397541633684,2025-09-12T03:38:46.790681,chatdb
68c395c63a6d1262d7096e53,一分钟看懂福建舰的来时路,https://www.douyin.com/hot/2234037,douyin,9178632.0,8260768.8,0.13082078374782408,2025-09-12T03:38:46.790681,chatdb
68c395c63a6d1262d7096e54,云上贵州大数据集团董事长被查,https://www.douyin.com/hot/2234164,douyin,9146818.0,8232136.2,0.1303673466327776,2025-09-12T03:38:46.790681,chatdb
68c395c63a6d1262d7096e55,中方回应菲律宾抗议,https://www.douyin.com/hot/2233561,douyin,8976824.0,8079141.600000001,0.12794446397309286,2025-09-12T03:38:46.790681,chatdb
68c395c63a6d1262d7096e56,福建舰通过台湾海峡,https://www.baidu.com/s?wd=%E7%A6%8F%E5%BB%BA%E8%88%B0%E9%80%9A%E8%BF%87%E5%8F%B0%E6%B9%BE%E6%B5%B7%E5%B3%A1,baidu,7809067.0,7809067.0,0.1236674563848427,2025-09-12T03:38:46.790681,chatdb
68c395c63a6d1262d7096e57,重庆辟谣摩托车可以上高速,https://www.douyin.com/hot/2233605,douyin,8606987.0,7746288.3,0.12267326820024303,2025-09-12T03:38:46.790681,chatdb
68c395c63a6d1262d7096e58,罗永浩悬赏10万征集西贝预制菜线索,https://www.toutiao.com/trending/7548984341175504410/,toutiao,8591773.0,7732595.7,0.12245642680122634,2025-09-12T03:38:46.790681,chatdb
68c395c63a6d1262d7096e59,有小学建议不让老人接送小孩,https://www.baidu.com/s?wd=%E6%9C%89%E5%B0%8F%E5%AD%A6%E5%BB%BA%E8%AE%AE%E4%B8%8D%E8%AE%A9%E8%80%81%E4%BA%BA%E6%8E%A5%E9%80%81%E5%B0%8F%E5%AD%A9,baidu,7712128.0,7712128.0,0.12213229225390487,2025-09-12T03:38:46.790681,chatdb
68c395c63a6d1262d7096e5a,广州男篮官宣参加NBA季前赛阵容,https://www.douyin.com/hot/2234183,douyin,8501473.0,7651325.7,0.12116940311704023,2025-09-12T03:38:46.790681,chatdb
68c395c63a6d1262d7096e5b,山河铭记 英雄回家,https://www.baidu.com/s?wd=%E5%B1%B1%E6%B2%B3%E9%93%AD%E8%AE%B0%20%E8%8B%B1%E9%9B%84%E5%9B%9E%E5%AE%B6,baidu,7618652.0,7618652.0,0.12065196955299456,2025-09-12T03:38:46.790681,chatdb
68c395c63a6d1262d7096e5c,西贝贾国龙：我骂不过罗永浩,https://www.baidu.com/s?wd=%E8%A5%BF%E8%B4%9D%E8%B4%BE%E5%9B%BD%E9%BE%99%EF%BC%9A%E6%88%91%E9%AA%82%E4%B8%8D%E8%BF%87%E7%BD%97%E6%B0%B8%E6%B5%A9,baidu,7521488.0,7521488.0,0.11911324223356232,2025-09-12T03:38:46.790681,chatdb
68c395c63a6d1262d7096e5d,一名“网红”被杀 美国为何会降半旗,https://www.baidu.com/s?wd=%E4%B8%80%E5%90%8D%E2%80%9C%E7%BD%91%E7%BA%A2%E2%80%9D%E8%A2%AB%E6%9D%80%20%E7%BE%8E%E5%9B%BD%E4%B8%BA%E4%BD%95%E4%BC%9A%E9%99%8D%E5%8D%8A%E6%97%97,baidu,7423572.0,7423572.0,0.11756260594636203,2025-09-12T03:38:46.790681,chatdb
68c395c63a6d1262d7096e5e,虎跳峡出现不明生物？当地回应,https://www.baidu.com/s?wd=%E8%99%8E%E8%B7%B3%E5%B3%A1%E5%87%BA%E7%8E%B0%E4%B8%8D%E6%98%8E%E7%94%9F%E7%89%A9%EF%BC%9F%E5%BD%93%E5%9C%B0%E5%9B%9E%E5%BA%94,baidu,7328896.0,7328896.0,0.11606327957348146,2025-09-12T03:38:46.790681,chatdb
68c395c63a6d1262d7096e5f,沉浸式参加东北明星足球联赛,https://www.douyin.com/hot/2233012,douyin,8077512.0,7269760.8,0.1151267912879015,2025-09-12T03:38:46.790681,chatdb
68c395c63a6d1262d7096e60,21岁女生去年底被骗缅甸仍未救出,https://www.baidu.com/s?wd=21%E5%B2%81%E5%A5%B3%E7%94%9F%E5%8E%BB%E5%B9%B4%E5%BA%95%E8%A2%AB%E9%AA%97%E7%BC%85%E7%94%B8%E4%BB%8D%E6%9C%AA%E6%95%91%E5%87%BA,baidu,7236701.0,7236701.0,0.1146032432923994,2025-09-12T03:38:46.790681,chatdb
68c395c63a6d1262d7096e61,勾践“卧薪尝胆”有考古实证了,https://www.baidu.com/s?wd=%E5%8B%BE%E8%B7%B5%E2%80%9C%E5%8D%A7%E8%96%AA%E5%B0%9D%E8%83%86%E2%80%9D%E6%9C%89%E8%80%83%E5%8F%A4%E5%AE%9E%E8%AF%81%E4%BA%86,baidu,7139639.0,7139639.0,0.11306613128508462,2025-09-12T03:38:46.790681,chatdb
68c395c63a6d1262d7096e62,iPhone Air在华发售延期,https://www.douyin.com/hot/2234116,douyin,7827152.0,7044436.8,0.11155847180204509,2025-09-12T03:38:46.790681,chatdb
68c395c63a6d1262d7096e63,微信推出“后悔药”,https://www.baidu.com/s?wd=%E5%BE%AE%E4%BF%A1%E6%8E%A8%E5%87%BA%E2%80%9C%E5%90%8E%E6%82%94%E8%8D%AF%E2%80%9D,baidu,7039676.0,7039676.0,0.11148307790078174,2025-09-12T03:38:46.790681,chatdb
68c395c63a6d1262d7096e64,曝湖人将维金斯视作理想交易目标,https://www.douyin.com/hot/2234185,douyin,7821227.0,7039104.3,0.11147402423472723,2025-09-12T03:38:46.790681,chatdb
68c395c63a6d1262d7096e65,答应我 下次别来KTV了好吗,https://www.douyin.com/hot/2234008,douyin,7813137.0,7031823.3,0.11135871945504766,2025-09-12T03:38:46.790681,chatdb
68c395c63a6d1262d7096e66,6分钟看完苹果发布会的转场片段,https://www.douyin.com/hot/2232949,douyin,7788097.0,7009287.3,0.11100183049544611,2025-09-12T03:38:46.790681,chatdb
68c395c63a6d1262d7096e67,委内瑞拉将在全国部署防御力量,https://www.toutiao.com/trending/7548140657132011583/,toutiao,7774157.0,6996741.3,0.110803147104997,2025-09-12T03:38:46.790681,chatdb
68c395c63a6d1262d7096e68,张杰千万次想象幸福爆了,https://www.douyin.com/hot/2233120,douyin,7771821.0,6994638.9,0.11076985267170511,2025-09-12T03:38:46.790681,chatdb
68c395c63a6d1262d7096e69,解读以军空袭卡塔尔首都,https://www.douyin.com/hot/2231878,douyin,7758968.0,6983071.2,0.11058666202482975,2025-09-12T03:38:46.790681,chatdb
68c395c63a6d1262d7096e6a,西贝创始人称没有一道是预制菜,https://www.douyin.com/hot/2233755,douyin,7747087.0,6972378.3,0.11041732505482071,2025-09-12T03:38:46.790681,chatdb
68c395c63a6d1262d7096e6b,工作室称乃万目前单身,https://www.douyin.com/hot/2233741,douyin,7740009.0,6966008.100000001,0.11031644406216659,2025-09-12T03:38:46.790681,chatdb
68c395c63a6d1262d7096e6c,cortis神级开场,https://www.douyin.com/hot/2233507,douyin,7732202.0,6958981.8,0.11020517281186269,2025-09-12T03:38:46.790681,chatdb
68c395c63a6d1262d7096e6d,罗永浩悬赏10万征集预制菜线索,https://www.douyin.com/hot/2233999,douyin,7725627.0,6953064.3,0.11011146095445933,2025-09-12T03:38:46.790681,chatdb
68c395c63a6d1262d7096e6e,我可以问下你的名字吗,https://www.douyin.com/hot/2234101,douyin,7724937.0,6952443.3,0.11010162655421471,2025-09-12T03:38:46.790681,chatdb
68c395c63a6d1262d7096e6f,重庆披露正厅干部多次出入私人会所,https://www.baidu.com/s?wd=%E9%87%8D%E5%BA%86%E6%8A%AB%E9%9C%B2%E6%AD%A3%E5%8E%85%E5%B9%B2%E9%83%A8%E5%A4%9A%E6%AC%A1%E5%87%BA%E5%85%A5%E7%A7%81%E4%BA%BA%E4%BC%9A%E6%89%80,baidu,6944268.0,6944268.0,0.1099721592879993,2025-09-12T03:38:46.790681,chatdb
68c395c63a6d1262d7096e70,萌娃初入幼儿园被“劝”崩溃了,https://www.douyin.com/hot/2233992,douyin,7715535.0,6943981.5,0.1099676221613164,2025-09-12T03:38:46.790681,chatdb
68c395c63a6d1262d7096e71,充满鲜花的世界到底在哪里,https://www.douyin.com/hot/2233671,douyin,7710894.0,6939804.600000001,0.10990147513010591,2025-09-12T03:38:46.790681,chatdb
68c395c63a6d1262d7096e72,成毅新剧其实是魔童降世吧,https://www.douyin.com/hot/2233511,douyin,7698172.0,6928354.8,0.10972015159400163,2025-09-12T03:38:46.790681,chatdb
68c395c63a6d1262d7096e73,成都地铁误会偷拍案维持原判,https://www.douyin.com/hot/2233496,douyin,7691709.0,6922538.100000001,0.10962803604504379,2025-09-12T03:38:46.790681,chatdb
68c395c63a6d1262d7096e74,乡村兽医的一天,https://www.douyin.com/hot/2233997,douyin,7691176.0,6922058.4,0.10962043932717366,2025-09-12T03:38:46.790681,chatdb
68c395c63a6d1262d7096e75,小红书回应被处罚,https://www.douyin.com/hot/2233639,douyin,7689796.0,6920816.4,0.10960077052668445,2025-09-12T03:38:46.790681,chatdb
68c395c63a6d1262d7096e76,琥珀流光风外套太适合秋天了,https://www.douyin.com/hot/2233168,douyin,7689763.0,6920786.7,0.10960030018580318,2025-09-12T03:38:46.790681,chatdb
68c395c63a6d1262d7096e77,爱情买卖宿命感转场,https://www.douyin.com/hot/2232834,douyin,7684647.0,6916182.3,0.10952738309645327,2025-09-12T03:38:46.790681,chatdb
68c395c63a6d1262d7096e78,听阴天间奏你也会感同身受吗,https://www.douyin.com/hot/2233673,douyin,7684080.0,6915672.0,0.10951930178494791,2025-09-12T03:38:46.790681,chatdb
68c395c63a6d1262d7096e79,赴山海开播,https://www.douyin.com/hot/2233047,douyin,7681521.0,6913368.9,0.109482828987519,2025-09-12T03:38:46.790681,chatdb
68c395c63a6d1262d7096e7a,万字解读电影万箭穿心,https://www.douyin.com/hot/2232783,douyin,7675183.0,6907664.7,0.10939249503280835,2025-09-12T03:38:46.790681,chatdb
68c395c63a6d1262d7096e7b,城市群定位调整意味着什么,https://www.douyin.com/hot/2233237,douyin,7670558.0,6903502.2,0.1093265760456615,2025-09-12T03:38:46.790681,chatdb
68c395c63a6d1262d7096e7c,王楚钦逆转格罗特赛后复盘,https://www.douyin.com/hot/2233929,douyin,7666414.0,6899772.600000001,0.10926751263317792,2025-09-12T03:38:46.790681,chatdb
68c395c63a6d1262d7096e7d,芬兰男篮队史首进欧洲杯四强,https://www.douyin.com/hot/2233059,douyin,7665946.0,6899351.4,0.10926084234431635,2025-09-12T03:38:46.790681,chatdb
68c395c63a6d1262d7096e7e,古诗词大挑战,https://www.douyin.com/hot/2233051,douyin,7664675.0,6898207.5,0.10924272709401069,2025-09-12T03:38:46.790681,chatdb
68c395c63a6d1262d7096e7f,黑麒麟小胖就原创争议道歉,https://www.douyin.com/hot/2233506,douyin,7661832.0,6895648.8,0.10920220651445209,2025-09-12T03:38:46.790681,chatdb
68c395c63a6d1262d7096e80,钱三一来欢乐家长群2当老师了,https://www.douyin.com/hot/2233433,douyin,7660787.0,6894708.3,0.1091873123865454,2025-09-12T03:38:46.790681,chatdb
68c395c63a6d1262d7096e81,褚韶华有仇当场就报,https://www.douyin.com/hot/2233223,douyin,7645475.0,6880927.5,0.10896907421763889,2025-09-12T03:38:46.790681,chatdb
68c395c63a6d1262d7096e82,张艺兴居然有空在西安逛吃了,https://www.douyin.com/hot/2233668,douyin,7644915.0,6880423.5,0.10896109267541139,2025-09-12T03:38:46.790681,chatdb
68c395c63a6d1262d7096e83,民族风也是吹到了宠物界,https://www.douyin.com/hot/2233559,douyin,7643551.0,6879195.9,0.1089416519189858,2025-09-12T03:38:46.790681,chatdb
68c395c63a6d1262d7096e84,我的充实生活vlog,https://www.douyin.com/hot/2232926,douyin,7643103.0,6878792.7,0.1089352666852038,2025-09-12T03:38:46.790681,chatdb
68c395c63a6d1262d7096e85,2025KPL夏季赛最佳阵容候选人,https://www.douyin.com/hot/2233780,douyin,7641553.0,6877397.7,0.10891317491653836,2025-09-12T03:38:46.790681,chatdb
68c395c63a6d1262d7096e86,余嘉豪西乙第二场季前赛砍下17分,https://www.douyin.com/hot/2233076,douyin,7638192.0,6874372.8,0.10886527141041932,2025-09-12T03:38:46.790681,chatdb
68c395c63a6d1262d7096e87,已经有人拿到iPhone17手机壳了,https://www.douyin.com/hot/2232538,douyin,7637788.0,6874009.2,0.10885951329781234,2025-09-12T03:38:46.790681,chatdb
68c395c63a6d1262d7096e88,摸凹猫原来是个动词,https://www.douyin.com/hot/2234057,douyin,7633115.0,6869803.5,0.10879291017847455,2025-09-12T03:38:46.790681,chatdb
68c395c63a6d1262d7096e89,贵阳“挖眼虐猫”事件系AI编造,https://www.baidu.com/s?wd=%E8%B4%B5%E9%98%B3%E2%80%9C%E6%8C%96%E7%9C%BC%E8%99%90%E7%8C%AB%E2%80%9D%E4%BA%8B%E4%BB%B6%E7%B3%BBAI%E7%BC%96%E9%80%A0,baidu,6847427.0,6847427.0,0.10843854712360572,2025-09-12T03:38:46.790681,chatdb
68c395c63a6d1262d7096e8a,牛弹琴：这个新动向 中国须高度警惕,https://www.baidu.com/s?wd=%E7%89%9B%E5%BC%B9%E7%90%B4%EF%BC%9A%E8%BF%99%E4%B8%AA%E6%96%B0%E5%8A%A8%E5%90%91%20%E4%B8%AD%E5%9B%BD%E9%A1%BB%E9%AB%98%E5%BA%A6%E8%AD%A6%E6%83%95,baidu,6755558.0,6755558.0,0.10698367350674225,2025-09-12T03:38:46.790681,chatdb
68c395c63a6d1262d7096e8b,涉“馆长”枪击案 邵柏杰被判无罪,https://www.baidu.com/s?wd=%E6%B6%89%E2%80%9C%E9%A6%86%E9%95%BF%E2%80%9D%E6%9E%AA%E5%87%BB%E6%A1%88%20%E9%82%B5%E6%9F%8F%E6%9D%B0%E8%A2%AB%E5%88%A4%E6%97%A0%E7%BD%AA,baidu,6658287.0,6658287.0,0.10544325169322598,2025-09-12T03:38:46.790681,chatdb
68c395c63a6d1262d7096e8c,河南这场雨为啥这么强,https://www.baidu.com/s?wd=%E6%B2%B3%E5%8D%97%E8%BF%99%E5%9C%BA%E9%9B%A8%E4%B8%BA%E5%95%A5%E8%BF%99%E4%B9%88%E5%BC%BA,baidu,6571071.0,6571071.0,0.10406206481442722,2025-09-12T03:38:46.790681,chatdb
68c395c63a6d1262d7096e8d,第12批在韩志愿军烈士遗骸回国,https://www.baidu.com/s?wd=%E7%AC%AC12%E6%89%B9%E5%9C%A8%E9%9F%A9%E5%BF%97%E6%84%BF%E5%86%9B%E7%83%88%E5%A3%AB%E9%81%97%E9%AA%B8%E5%9B%9E%E5%9B%BD,baidu,6465136.0,6465136.0,0.10238443648928565,2025-09-12T03:38:46.790681,chatdb
68c395c63a6d1262d7096e8e,“内鬼”杨彬 任上被查,https://www.baidu.com/s?wd=%E2%80%9C%E5%86%85%E9%AC%BC%E2%80%9D%E6%9D%A8%E5%BD%AC%20%E4%BB%BB%E4%B8%8A%E8%A2%AB%E6%9F%A5,baidu,6381896.0,6381896.0,0.10106621511028169,2025-09-12T03:38:46.790681,chatdb
68c395c63a6d1262d7096e8f,连续12年迎回烈士遗骸有何深意,https://www.toutiao.com/trending/7548759370151329811/,toutiao,7034348.0,6330913.2,0.1002588314375104,2025-09-12T03:38:46.790681,chatdb
68c395c63a6d1262d7096e90,世界最大冰山再次发生大规模断裂,https://www.baidu.com/s?wd=%E4%B8%96%E7%95%8C%E6%9C%80%E5%A4%A7%E5%86%B0%E5%B1%B1%E5%86%8D%E6%AC%A1%E5%8F%91%E7%94%9F%E5%A4%A7%E8%A7%84%E6%A8%A1%E6%96%AD%E8%A3%82,baidu,6272087.0,6272087.0,0.09932723659746279,2025-09-12T03:38:46.790681,chatdb
68c395c63a6d1262d7096e91,境外反华势力对办公邮箱攻击窃密,https://www.baidu.com/s?wd=%E5%A2%83%E5%A4%96%E5%8F%8D%E5%8D%8E%E5%8A%BF%E5%8A%9B%E5%AF%B9%E5%8A%9E%E5%85%AC%E9%82%AE%E7%AE%B1%E6%94%BB%E5%87%BB%E7%AA%83%E5%AF%86,baidu,6189571.0,6189571.0,0.09802048076721422,2025-09-12T03:38:46.790681,chatdb
68c395c63a6d1262d7096e92,遭枪杀获降半旗待遇 柯克什么来头,https://www.baidu.com/s?wd=%E9%81%AD%E6%9E%AA%E6%9D%80%E8%8E%B7%E9%99%8D%E5%8D%8A%E6%97%97%E5%BE%85%E9%81%87%20%E6%9F%AF%E5%85%8B%E4%BB%80%E4%B9%88%E6%9D%A5%E5%A4%B4,baidu,6086295.0,6086295.0,0.09638496141188009,2025-09-12T03:38:46.790681,chatdb
68c395c63a6d1262d7096e93,歌手Tank正式复出 一度生命衰竭,https://www.baidu.com/s?wd=%E6%AD%8C%E6%89%8BTank%E6%AD%A3%E5%BC%8F%E5%A4%8D%E5%87%BA%20%E4%B8%80%E5%BA%A6%E7%94%9F%E5%91%BD%E8%A1%B0%E7%AB%AD,baidu,6000571.0,6000571.0,0.09502740243189768,2025-09-12T03:38:46.790681,chatdb
68c395c63a6d1262d7096e94,罗永浩悬赏10万征集西贝预制菜线索,https://www.baidu.com/s?wd=%E7%BD%97%E6%B0%B8%E6%B5%A9%E6%82%AC%E8%B5%8F10%E4%B8%87%E5%BE%81%E9%9B%86%E8%A5%BF%E8%B4%9D%E9%A2%84%E5%88%B6%E8%8F%9C%E7%BA%BF%E7%B4%A2,baidu,5905534.0,5905534.0,0.09352235912103272,2025-09-12T03:38:46.790681,chatdb
68c395c63a6d1262d7096e95,中方严厉谴责以色列袭击卡塔尔,https://www.baidu.com/s?wd=%E4%B8%AD%E6%96%B9%E4%B8%A5%E5%8E%89%E8%B0%B4%E8%B4%A3%E4%BB%A5%E8%89%B2%E5%88%97%E8%A2%AD%E5%87%BB%E5%8D%A1%E5%A1%94%E5%B0%94,baidu,5796458.0,5796458.0,0.09179498868450899,2025-09-12T03:38:46.790681,chatdb
68c395c63a6d1262d7096e96,西贝为何硬刚罗永浩,https://www.toutiao.com/trending/7548978865255747113/,toutiao,6364942.0,5728447.8,0.09071795240831562,2025-09-12T03:38:46.790681,chatdb
68c395c63a6d1262d7096e97,厦门暴雨积水一男子触电身亡,https://www.baidu.com/s?wd=%E5%8E%A6%E9%97%A8%E6%9A%B4%E9%9B%A8%E7%A7%AF%E6%B0%B4%E4%B8%80%E7%94%B7%E5%AD%90%E8%A7%A6%E7%94%B5%E8%BA%AB%E4%BA%A1,baidu,5698524.0,5698524.0,0.09024406734222915,2025-09-12T03:38:46.790681,chatdb
68c395c63a6d1262d7096e98,巴西前总统获刑27年零3个月,https://www.baidu.com/s?wd=%E5%B7%B4%E8%A5%BF%E5%89%8D%E6%80%BB%E7%BB%9F%E8%8E%B7%E5%88%9127%E5%B9%B4%E9%9B%B63%E4%B8%AA%E6%9C%88,baidu,5599110.0,5599110.0,0.08866970813785266,2025-09-12T03:38:46.790681,chatdb
68c395c63a6d1262d7096e99,美媒公布枪击案嫌犯录像,https://www.baidu.com/s?wd=%E7%BE%8E%E5%AA%92%E5%85%AC%E5%B8%83%E6%9E%AA%E5%87%BB%E6%A1%88%E5%AB%8C%E7%8A%AF%E5%BD%95%E5%83%8F,baidu,5508980.0,5508980.0,0.08724237400895277,2025-09-12T03:38:46.790681,chatdb
68c395c63a6d1262d7096e9a,专家：中国“三航母时代”指日可待,https://www.baidu.com/s?wd=%E4%B8%93%E5%AE%B6%EF%BC%9A%E4%B8%AD%E5%9B%BD%E2%80%9C%E4%B8%89%E8%88%AA%E6%AF%8D%E6%97%B6%E4%BB%A3%E2%80%9D%E6%8C%87%E6%97%A5%E5%8F%AF%E5%BE%85,baidu,5416152.0,5416152.0,0.0857723132909064,2025-09-12T03:38:46.790681,chatdb
68c395c63a6d1262d7096e9b,运-20机舱内广播：祖国没有忘记你们,https://www.baidu.com/s?wd=%E8%BF%90-20%E6%9C%BA%E8%88%B1%E5%86%85%E5%B9%BF%E6%92%AD%EF%BC%9A%E7%A5%96%E5%9B%BD%E6%B2%A1%E6%9C%89%E5%BF%98%E8%AE%B0%E4%BD%A0%E4%BB%AC,baidu,5321685.0,5321685.0,0.08427629672422732,2025-09-12T03:38:46.790681,chatdb
68c395c63a6d1262d7096e9c,万斯护送查理柯克灵柩登机 亲自抬棺,https://www.baidu.com/s?wd=%E4%B8%87%E6%96%AF%E6%8A%A4%E9%80%81%E6%9F%A5%E7%90%86%E6%9F%AF%E5%85%8B%E7%81%B5%E6%9F%A9%E7%99%BB%E6%9C%BA%20%E4%BA%B2%E8%87%AA%E6%8A%AC%E6%A3%BA,baidu,5235432.0,5235432.0,0.08291036029218468,2025-09-12T03:38:46.790681,chatdb
68c395c63a6d1262d7096e9d,朱一龙参加烈士遗骸迎回仪式,https://www.toutiao.com/trending/7548226593102037001/,toutiao,5759237.0,5183313.3,0.0820849880602542,2025-09-12T03:38:46.790681,chatdb
68c395c63a6d1262d7096e9e,全球首个低空风洞落地龙华,https://www.baidu.com/s?wd=%E5%85%A8%E7%90%83%E9%A6%96%E4%B8%AA%E4%BD%8E%E7%A9%BA%E9%A3%8E%E6%B4%9E%E8%90%BD%E5%9C%B0%E9%BE%99%E5%8D%8E,baidu,5128685.0,5128685.0,0.08121987281567657,2025-09-12T03:38:46.790681,chatdb
68c395c63a6d1262d7096e9f,特朗普称盟友遇刺案取得重大进展,https://www.baidu.com/s?wd=%E7%89%B9%E6%9C%97%E6%99%AE%E7%A7%B0%E7%9B%9F%E5%8F%8B%E9%81%87%E5%88%BA%E6%A1%88%E5%8F%96%E5%BE%97%E9%87%8D%E5%A4%A7%E8%BF%9B%E5%B1%95,baidu,5036584.0,5036584.0,0.07976132515556553,2025-09-12T03:38:46.790681,chatdb
68c395c63a6d1262d7096ea0,罗永浩称难受的肯定不是我,https://www.baidu.com/s?wd=%E7%BD%97%E6%B0%B8%E6%B5%A9%E7%A7%B0%E9%9A%BE%E5%8F%97%E7%9A%84%E8%82%AF%E5%AE%9A%E4%B8%8D%E6%98%AF%E6%88%91,baidu,4942914.0,4942914.0,0.07827793019435335,2025-09-12T03:38:46.790681,chatdb
68c395c63a6d1262d7096ea1,FBI公布柯克枪击案嫌疑人照片,https://www.baidu.com/s?wd=FBI%E5%85%AC%E5%B8%83%E6%9F%AF%E5%85%8B%E6%9E%AA%E5%87%BB%E6%A1%88%E5%AB%8C%E7%96%91%E4%BA%BA%E7%85%A7%E7%89%87,baidu,4829462.0,4829462.0,0.07648125970071139,2025-09-12T03:38:46.790681,chatdb
68c395c63a6d1262d7096ea2,为何建立黄岩岛国家级自然保护区,https://www.baidu.com/s?wd=%E4%B8%BA%E4%BD%95%E5%BB%BA%E7%AB%8B%E9%BB%84%E5%B2%A9%E5%B2%9B%E5%9B%BD%E5%AE%B6%E7%BA%A7%E8%87%AA%E7%84%B6%E4%BF%9D%E6%8A%A4%E5%8C%BA,baidu,4758044.0,4758044.0,0.07535025616340114,2025-09-12T03:38:46.790681,chatdb
68c395c63a6d1262d7096ea3,96岁老兵拿起现役装备笑得像个孩子,https://www.toutiao.com/trending/7548673026355826230/,toutiao,5211173.0,4690055.7,0.07427356670422125,2025-09-12T03:38:46.790681,chatdb
68c395c63a6d1262d7096ea4,美国悬赏10万美元找抢手,https://www.baidu.com/s?wd=%E7%BE%8E%E5%9B%BD%E6%82%AC%E8%B5%8F10%E4%B8%87%E7%BE%8E%E5%85%83%E6%89%BE%E6%8A%A2%E6%89%8B,baidu,4642245.0,4642245.0,0.073516417654664,2025-09-12T03:38:46.790681,chatdb
68c395c63a6d1262d7096ea5,iPhone Air在华发售延期,https://www.baidu.com/s?wd=iPhone%20Air%E5%9C%A8%E5%8D%8E%E5%8F%91%E5%94%AE%E5%BB%B6%E6%9C%9F,baidu,4571374.0,4571374.0,0.07239407662449354,2025-09-12T03:38:46.790681,chatdb
68c395c63a6d1262d7096ea6,卡塔尔：已着手对以色列采取法律行动,https://www.baidu.com/s?wd=%E5%8D%A1%E5%A1%94%E5%B0%94%EF%BC%9A%E5%B7%B2%E7%9D%80%E6%89%8B%E5%AF%B9%E4%BB%A5%E8%89%B2%E5%88%97%E9%87%87%E5%8F%96%E6%B3%95%E5%BE%8B%E8%A1%8C%E5%8A%A8,baidu,4446578.0,4446578.0,0.07041775808515935,2025-09-12T03:38:46.790681,chatdb
68c395c63a6d1262d7096ea7,他信服刑细节：狱中或当外语老师,https://www.baidu.com/s?wd=%E4%BB%96%E4%BF%A1%E6%9C%8D%E5%88%91%E7%BB%86%E8%8A%82%EF%BC%9A%E7%8B%B1%E4%B8%AD%E6%88%96%E5%BD%93%E5%A4%96%E8%AF%AD%E8%80%81%E5%B8%88,baidu,4372357.0,4372357.0,0.06924236513740523,2025-09-12T03:38:46.790681,chatdb
68c395c63a6d1262d7096ea8,西贝将向消费者开放后厨,https://www.baidu.com/s?wd=%E8%A5%BF%E8%B4%9D%E5%B0%86%E5%90%91%E6%B6%88%E8%B4%B9%E8%80%85%E5%BC%80%E6%94%BE%E5%90%8E%E5%8E%A8,baidu,4262843.0,4262843.0,0.06750805836061236,2025-09-12T03:38:46.790681,chatdb
68c395c63a6d1262d7096ea9,西贝将向消费者开放后厨,https://www.toutiao.com/trending/7549004281219698202/,toutiao,4715265.0,4243738.5,0.0672055119846491,2025-09-12T03:38:46.790681,chatdb
68c395c63a6d1262d7096eaa,国安部提醒警惕“钓鱼式”网络攻击,https://www.baidu.com/s?wd=%E5%9B%BD%E5%AE%89%E9%83%A8%E6%8F%90%E9%86%92%E8%AD%A6%E6%83%95%E2%80%9C%E9%92%93%E9%B1%BC%E5%BC%8F%E2%80%9D%E7%BD%91%E7%BB%9C%E6%94%BB%E5%87%BB,baidu,4191799.0,4191799.0,0.0663829776343995,2025-09-12T03:38:46.790681,chatdb
68c395c63a6d1262d7096eab,美媒：美国经济比想象得更糟,https://www.baidu.com/s?wd=%E7%BE%8E%E5%AA%92%EF%BC%9A%E7%BE%8E%E5%9B%BD%E7%BB%8F%E6%B5%8E%E6%AF%94%E6%83%B3%E8%B1%A1%E5%BE%97%E6%9B%B4%E7%B3%9F,baidu,4092574.0,4092574.0,0.06481161150835832,2025-09-12T03:38:46.790681,chatdb
68c395c63a6d1262d7096eac,美国被开除学生带枪返校,https://www.baidu.com/s?wd=%E7%BE%8E%E5%9B%BD%E8%A2%AB%E5%BC%80%E9%99%A4%E5%AD%A6%E7%94%9F%E5%B8%A6%E6%9E%AA%E8%BF%94%E6%A0%A1,baidu,4000796.0,4000796.0,0.06335817900328594,2025-09-12T03:38:46.790681,chatdb
68c395c63a6d1262d7096ead,中国基本医保覆盖居民超13亿人,https://www.baidu.com/s?wd=%E4%B8%AD%E5%9B%BD%E5%9F%BA%E6%9C%AC%E5%8C%BB%E4%BF%9D%E8%A6%86%E7%9B%96%E5%B1%85%E6%B0%91%E8%B6%8513%E4%BA%BF%E4%BA%BA,baidu,3875721.0,3875721.0,0.061377442110218665,2025-09-12T03:38:46.790681,chatdb
68c395c63a6d1262d7096eae,陈瑞峰已任国家民委党组书记,https://www.toutiao.com/trending/7548985245547122219/,toutiao,4266548.0,3839893.2,0.06081005897803849,2025-09-12T03:38:46.790681,chatdb
68c395c63a6d1262d7096eaf,武契奇表白中国,https://www.baidu.com/s?wd=%E6%AD%A6%E5%A5%91%E5%A5%87%E8%A1%A8%E7%99%BD%E4%B8%AD%E5%9B%BD,baidu,3792230.0,3792230.0,0.06005524579649426,2025-09-12T03:38:46.790681,chatdb
68c395c63a6d1262d7096eb0,柯克案枪手逃跑视频公布,https://www.baidu.com/s?wd=%E6%9F%AF%E5%85%8B%E6%A1%88%E6%9E%AA%E6%89%8B%E9%80%83%E8%B7%91%E8%A7%86%E9%A2%91%E5%85%AC%E5%B8%83,baidu,3702226.0,3702226.0,0.05862990705315125,2025-09-12T03:38:46.790681,chatdb
68c395c63a6d1262d7096eb1,张亚中：要努力成为理想的中国人,https://www.baidu.com/s?wd=%E5%BC%A0%E4%BA%9A%E4%B8%AD%EF%BC%9A%E8%A6%81%E5%8A%AA%E5%8A%9B%E6%88%90%E4%B8%BA%E7%90%86%E6%83%B3%E7%9A%84%E4%B8%AD%E5%9B%BD%E4%BA%BA,baidu,3592266.0,3592266.0,0.05688853724494275,2025-09-12T03:38:46.790681,chatdb
68c395c63a6d1262d7096eb2,无语哥和“苏超”南京队球员比球技,https://www.baidu.com/s?wd=%E6%97%A0%E8%AF%AD%E5%93%A5%E5%92%8C%E2%80%9C%E8%8B%8F%E8%B6%85%E2%80%9D%E5%8D%97%E4%BA%AC%E9%98%9F%E7%90%83%E5%91%98%E6%AF%94%E7%90%83%E6%8A%80,baidu,3484369.0,3484369.0,0.0551798379161298,2025-09-12T03:38:46.790681,chatdb
68c395c63a6d1262d7096eb3,卡塔尔防空系统为何成摆设,https://www.toutiao.com/trending/7549007124718685735/,toutiao,3860532.0,3474478.8000000003,0.05502321281902955,2025-09-12T03:38:46.790681,chatdb
68c395c63a6d1262d7096eb4,美股三大股指创新高 金龙指数涨近3%,https://www.baidu.com/s?wd=%E7%BE%8E%E8%82%A1%E4%B8%89%E5%A4%A7%E8%82%A1%E6%8C%87%E5%88%9B%E6%96%B0%E9%AB%98%20%E9%87%91%E9%BE%99%E6%8C%87%E6%95%B0%E6%B6%A8%E8%BF%913%25,baidu,3417674.0,3417674.0,0.05412362966441585,2025-09-12T03:38:46.790681,chatdb
68c395c63a6d1262d7096eb5,她的举动换来88岁老人手写感谢信,https://www.baidu.com/s?wd=%E5%A5%B9%E7%9A%84%E4%B8%BE%E5%8A%A8%E6%8D%A2%E6%9D%A588%E5%B2%81%E8%80%81%E4%BA%BA%E6%89%8B%E5%86%99%E6%84%9F%E8%B0%A2%E4%BF%A1,baidu,3298325.0,3298325.0,0.052233571959433345,2025-09-12T03:38:46.790681,chatdb
68c395c63a6d1262d7096eb6,女子偷男友数万元 因已结婚获谅解,https://www.baidu.com/s?wd=%E5%A5%B3%E5%AD%90%E5%81%B7%E7%94%B7%E5%8F%8B%E6%95%B0%E4%B8%87%E5%85%83%20%E5%9B%A0%E5%B7%B2%E7%BB%93%E5%A9%9A%E8%8E%B7%E8%B0%85%E8%A7%A3,baidu,3221679.0,3221679.0,0.05101977575790599,2025-09-12T03:38:46.790681,chatdb
68c395c63a6d1262d7096eb7,接近罗永浩人士就预制菜相关发声,https://www.toutiao.com/trending/7548633373489676351/,toutiao,3493154.0,3143838.6,0.049787064568210894,2025-09-12T03:38:46.790681,chatdb
68c395c63a6d1262d7096eb8,阅兵旗手将为烈士高擎归家之旗,https://www.baidu.com/s?wd=%E9%98%85%E5%85%B5%E6%97%97%E6%89%8B%E5%B0%86%E4%B8%BA%E7%83%88%E5%A3%AB%E9%AB%98%E6%93%8E%E5%BD%92%E5%AE%B6%E4%B9%8B%E6%97%97,baidu,3113757.0,3113757.0,0.049310680519260325,2025-09-12T03:38:46.790681,chatdb
68c395c63a6d1262d7096eb9,河南这场雨为啥下这么大,https://www.toutiao.com/trending/7548665217216839690/,toutiao,3160736.0,2844662.4,0.045049192596452556,2025-09-12T03:38:46.790681,chatdb
68c395c63a6d1262d7096eba,以军空袭卡塔尔震惊世界,https://www.toutiao.com/trending/7548725980148272683/,toutiao,2859952.0,2573956.8000000003,0.04076219224402471,2025-09-12T03:38:46.790681,chatdb
68c395c63a6d1262d7096ebb,西贝和罗永浩谁能笑到最后,https://www.toutiao.com/trending/7548987847479397930/,toutiao,2587792.0,2329012.8000000003,0.036883162721454484,2025-09-12T03:38:46.790681,chatdb
68c395c63a6d1262d7096ebc,媒体：鸠山由纪夫表态应是日本共识,https://www.toutiao.com/trending/7548396114442518554/,toutiao,2341531.0,2107377.9,0.033373265274152644,2025-09-12T03:38:46.790681,chatdb
68c395c63a6d1262d7096ebd,以军在加沙城打死多名武装人员,https://www.toutiao.com/trending/7548130552851955750/,toutiao,2118705.0,1906834.5,0.030197381116318166,2025-09-12T03:38:46.790681,chatdb
68c395c63a6d1262d7096ebe,李在明：不会与美达成任何幕后协议,https://www.toutiao.com/trending/7547647103086919730/,toutiao,1917083.0,1725374.7,0.027323712353826784,2025-09-12T03:38:46.790681,chatdb
68c395c63a6d1262d7096ebf,日本政坛面临动荡,https://www.toutiao.com/trending/7548665887658704939/,toutiao,1734649.0,1561184.1,0.024723525434659468,2025-09-12T03:38:46.790681,chatdb
68c395c63a6d1262d7096ec0,要素市场化配置综改试点为何选这10地,https://www.toutiao.com/trending/7548997600280579638/,toutiao,1569575.0,1412617.5,0.022370766324544985,2025-09-12T03:38:46.790681,chatdb
68c395c63a6d1262d7096ec1,14岁男生被教官猥亵 父亲发声,https://www.toutiao.com/trending/7548761520806215743/,toutiao,1420210.0,1278189.0,0.020241903726666156,2025-09-12T03:38:46.790681,chatdb
68c395c63a6d1262d7096ec2,女子荨麻疹引发休克 医院迅速施救,https://www.toutiao.com/trending/7548644860903866431/,toutiao,1285059.0,1156553.1,0.018315629773826326,2025-09-12T03:38:46.790681,chatdb
68c395c63a6d1262d7096ec3,罗永浩与西贝的“口水”风波,https://www.toutiao.com/trending/7549014924198940187/,toutiao,1162770.0,1046493.0,0.01657267474264764,2025-09-12T03:38:46.790681,chatdb
68c395c63a6d1262d7096ec4,傅聪：以色列又一次突破“红线”,https://www.toutiao.com/trending/7547997633265238062/,toutiao,1052117.0,946905.3,0.014995564756753451,2025-09-12T03:38:46.790681,chatdb
68c395c63a6d1262d7096ec5,特朗普夫妇出席“9·11”纪念活动,https://www.toutiao.com/trending/7548714347050860585/,toutiao,951995.0,856795.5,0.013568550522998393,2025-09-12T03:38:46.790681,chatdb
68c395c63a6d1262d7096ec6,蒋万安申请赴上海出席双城论坛,https://www.toutiao.com/trending/7547961105042653194/,toutiao,861401.0,775260.9,0.01227733652914284,2025-09-12T03:38:46.790681,chatdb
68c395c63a6d1262d7096ec7,马克龙宣布派战机协助波兰保护领空,https://www.toutiao.com/trending/7548987039379767347/,toutiao,779428.0,701485.2000000001,0.011108995527329022,2025-09-12T03:38:46.790681,chatdb
68c395c63a6d1262d7096ec8,沈阳以最高礼遇迎志愿军遗骸归国,https://www.toutiao.com/trending/7548043919448113188/,toutiao,705255.0,634729.5,0.010051826006541245,2025-09-12T03:38:46.790681,chatdb
68c395c63a6d1262d7096ec9,李在明：假新闻毁了我儿子的人生,https://www.toutiao.com/trending/7548404342492545074/,toutiao,638141.0,574326.9,0.009095266676082035,2025-09-12T03:38:46.790681,chatdb
68c395c63a6d1262d7096eca,特朗普将出席遭枪杀盟友葬礼,https://www.toutiao.com/trending/7548836873691562030/,toutiao,577414.0,519672.60000000003,0.008229739685278384,2025-09-12T03:38:46.790681,chatdb
68c395c63a6d1262d7096ecb,这些烈士遗物令人动容,https://www.toutiao.com/trending/7548975774938972201/,toutiao,472747.0,425472.3,0.00673794668469469,2025-09-12T03:38:46.790681,chatdb
68c395c63a6d1262d7096ecc,【桃黑黑】《盛世天下》P1：入宫！,https://www.bilibili.com/video/BV1YYHhzmEtc,bilibili,35686.0,28548.800000000003,0.0004521100252872203,2025-09-12T03:38:46.790681,chatdb
68c395c63a6d1262d7096ecd,【某幻】《盛世天下》在这深宫，活下来！,https://www.bilibili.com/video/BV1pvYPzDEp8,bilibili,33792.0,27033.600000000002,0.0004281147221461007,2025-09-12T03:38:46.790681,chatdb
68c395c63a6d1262d7096ece,小红书平台因破坏网络生态被约谈警告 从严处理责任人,https://www.bilibili.com/video/BV1CRHhzaEqM,bilibili,28352.0,22681.600000000002,0.00035919473846727763,2025-09-12T03:38:46.790681,chatdb
68c395c63a6d1262d7096ecf,点击观看《Too Deep》Dance Practice Video 练习室运镜版，专注于每一个动作细节的打磨，用舞蹈传达《Too Deep》的力量。,https://www.bilibili.com/video/BV1bxH1zUESU,bilibili,21636.0,17308.8,0.0002741089644990836,2025-09-12T03:38:46.790681,chatdb
68c395c63a6d1262d7096ed0,《原神》角色预告-「菈乌玛：慈爱与训导」,https://www.bilibili.com/video/BV1v5YPzNEVg,bilibili,19870.0,15896.0,0.00025173530803275984,2025-09-12T03:38:46.790681,chatdb
68c395c63a6d1262d7096ed1,国家网信办：依法查处小红书平台破坏网络生态案件,https://www.bilibili.com/video/BV1yQHhzeEqu,bilibili,19468.0,15574.400000000001,0.00024664232394472916,2025-09-12T03:38:46.790681,chatdb
68c395c63a6d1262d7096ed2,西⚡域⚡战⚡神,https://www.bilibili.com/video/BV1iGYLzKEE4,bilibili,15692.0,12553.6,0.00019880374703825198,2025-09-12T03:38:46.790681,chatdb
68c395c63a6d1262d7096ed3,【散人】《盛世天下》爆笑后宫生存挑战（已更新至P2）,https://www.bilibili.com/video/BV1euH8z5Edv,bilibili,15547.0,12437.6,0.00019696672541445984,2025-09-12T03:38:46.790681,chatdb
68c395c63a6d1262d7096ed4,日本是真废了,https://www.bilibili.com/video/BV122YAzWE2E,bilibili,15050.0,12040.0,0.00019067017543497911,2025-09-12T03:38:46.790681,chatdb
68c395c63a6d1262d7096ed5,陪我吃快餐的女孩，我马上就要娶你回家啦,https://www.bilibili.com/video/BV1ZVaozQEaY,bilibili,12862.0,10289.6,0.00016295015258768782,2025-09-12T03:38:46.790681,chatdb
68c395c63a6d1262d7096ed6,【影视飓风】见到了iPhone 17 系列真机,https://www.bilibili.com/video/BV1CEH2zGETi,bilibili,12147.0,9717.6,0.00015389173561519543,2025-09-12T03:38:46.790681,chatdb
68c395c63a6d1262d7096ed7,《⚡请选择你的教师节英雄⚡》| 教师节特别中二企划,https://www.bilibili.com/video/BV13oa8zBE4n,bilibili,11901.0,9520.800000000001,0.0001507751334120722,2025-09-12T03:38:46.790681,chatdb
68c395c63a6d1262d7096ed8,【宋雨琦】 'Gone' Official Music Video,https://www.bilibili.com/video/BV12tYPzxE3e,bilibili,11890.0,9512.0,0.00015063577315095692,2025-09-12T03:38:46.790681,chatdb
68c395c63a6d1262d7096ed9,坏damn！！！（3）,https://www.bilibili.com/video/BV1FFHXzSEK5,bilibili,11271.0,9016.800000000001,0.00014279359118456146,2025-09-12T03:38:46.790681,chatdb
68c395c63a6d1262d7096eda,【方舟测评#60】 玻璃大炮！满潜专九丰川祥子数据与实战测评,https://www.bilibili.com/video/BV1WLHdzKE3V,bilibili,10369.0,8295.2,0.00013136604977310955,2025-09-12T03:38:46.790681,chatdb
68c395c63a6d1262d7096edb,《宜 宾 探 索 编 辑 部》,https://www.bilibili.com/video/BV1NdadzNEBS,bilibili,9485.0,7588.0,0.00012016655242530079,2025-09-12T03:38:46.790681,chatdb
68c395c63a6d1262d7096edc,拯救0号大兵！！祝小兵一辈子吃不上四个热菜,https://www.bilibili.com/video/BV1EnHQzjErB,bilibili,9416.0,7532.8,0.00011929238351466867,2025-09-12T03:38:46.790681,chatdb
68c395c63a6d1262d7096edd,我已正式起诉电视剧及该剧片头曲作曲人侵权我的B站作品,https://www.bilibili.com/video/BV13CadzVEyQ,bilibili,9373.0,7498.400000000001,0.00011874761158485445,2025-09-12T03:38:46.790681,chatdb
68c395c63a6d1262d7096ede,中国展示科幻装备，谁在破防？谁在哈气？谁在羡慕？【毒舌的南瓜】,https://www.bilibili.com/video/BV1dBHUzTEoM,bilibili,9063.0,7250.400000000001,0.00011482018604433329,2025-09-12T03:38:46.790681,chatdb
68c395c63a6d1262d7096edf,四川妹子第一次在芬兰美食集市摆摊创业卖肉蛋堡担担面！超级爆单全部卖空太疯狂！各国老外瞳孔地震求开店！,https://www.bilibili.com/video/BV1LXHCzpEzb,bilibili,8937.0,7149.6,0.00011322387759883113,2025-09-12T03:38:46.790681,chatdb
68c395c63a6d1262d7096ee0,1万元买台奔驰MPV，破产也要自驾游…,https://www.bilibili.com/video/BV1NhHCzqEKN,bilibili,8032.0,6425.6,0.0001017583288434387,2025-09-12T03:38:46.790681,chatdb
68c395c63a6d1262d7096ee1,【原神一条龙全收集】挪德卡莱月之一(成就数299/月神瞳112摩拉93)伦波岛+希汐岛+帕哈岛/宝箱/摩拉堆/玉帛/月之印/探索度/原神6.0一条龙,https://www.bilibili.com/video/BV1CMHQzsEJV,bilibili,7680.0,6144.0,9.729880048775014e-05,2025-09-12T03:38:46.790681,chatdb
68c395c63a6d1262d7096ee2,当虚拟萌神遇上相声老炮，菜菜子给于谦一些虚拟主播的震撼！【多新鲜呐ep04 | 于谦的视频播客】,https://www.bilibili.com/video/BV1ybHXzfEEu,bilibili,6780.0,5424.0,8.589659730559193e-05,2025-09-12T03:38:46.790681,chatdb
68c395c63a6d1262d7096ee3,试玩米哈游校招生6周做的游戏! 会好玩吗？,https://www.bilibili.com/video/BV1R9YLzTEMR,bilibili,5926.0,4740.8,7.507717339718845e-05,2025-09-12T03:38:46.790681,chatdb
68c395c63a6d1262d7096ee4,以乔瑟夫的视角打开JOJO,https://www.bilibili.com/video/BV1xbYPzREyK,bilibili,5921.0,4736.8,7.501382782395425e-05,2025-09-12T03:38:46.790681,chatdb
68c395c63a6d1262d7096ee5,美国大抓非法移民，越抓川普支持率越低？,https://www.bilibili.com/video/BV1VdYPzTEhd,bilibili,5893.0,4714.400000000001,7.465909261384267e-05,2025-09-12T03:38:46.790681,chatdb
68c395c63a6d1262d7096ee6,开着挖机游全国的路上被贵州威宁警察抓走！,https://www.bilibili.com/video/BV1oGaozpEr1,bilibili,5748.0,4598.400000000001,7.282207099005051e-05,2025-09-12T03:38:46.790681,chatdb
68c395c63a6d1262d7096ee7,【warma/怒九】我被开水烫伤后的养伤生活【爆米花电台02】,https://www.bilibili.com/video/BV13EHCz1E8p,bilibili,5425.0,4340.0,6.872994695912038e-05,2025-09-12T03:38:46.790681,chatdb
68c395c63a6d1262d7096ee8,背负火影之名，守护所爱之人！,https://www.bilibili.com/video/BV1zTYKzmEsf,bilibili,5356.0,4284.8,6.785577804848825e-05,2025-09-12T03:38:46.790681,chatdb
68c395c63a6d1262d7096ee9,国产短剧逆天大赏！让人类都疯起来，哈哈哈哈哈哈哈哈~,https://www.bilibili.com/video/BV1pdabznE4d,bilibili,5263.0,4210.400000000001,6.667755038633191e-05,2025-09-12T03:38:46.790681,chatdb
68c395c63a6d1262d7096eea,怒撕韩娱黑幕！两代“脱星”上位史，复古美学加女性主义，尺度简直了！,https://www.bilibili.com/video/BV19GYPziE8n,bilibili,5178.0,4142.400000000001,6.56006756413503e-05,2025-09-12T03:38:46.790681,chatdb
68c395c63a6d1262d7096eeb,迷雾重重：以色列袭击卡塔尔多哈竟是懂王批准的？,https://www.bilibili.com/video/BV1mxH1z2EDV,bilibili,5061.0,4048.8,6.411838922766972e-05,2025-09-12T03:38:46.790681,chatdb
68c395c63a6d1262d7096eec,韩国顶流男明星居然给我化妆了。。,https://www.bilibili.com/video/BV17yHCzZEBp,bilibili,5024.0,4019.2000000000003,6.364963198573656e-05,2025-09-12T03:38:46.790681,chatdb
68c395c63a6d1262d7096eed,当我的世界变成彩虹随机区块,https://www.bilibili.com/video/BV1UmYNzhErW,bilibili,4173.0,3338.4,5.2868215421273616e-05,2025-09-12T03:38:46.790681,chatdb
68c395c63a6d1262d7096eee,女友喝醉时把袜子做成卤大肠整蛊她…她咬不动破防了！,https://www.bilibili.com/video/BV1DfYwz4Eew,bilibili,4148.0,3318.4,5.255148755510255e-05,2025-09-12T03:38:46.790681,chatdb
68c395c63a6d1262d7096eef,【短的发布会】库克违背祖训牙膏挤爆！iPhone 17实惠的像安卓机？,https://www.bilibili.com/video/BV1ovHUzuEQW,bilibili,4069.0,3255.2000000000003,5.1550627498002e-05,2025-09-12T03:38:46.790681,chatdb
68c395c63a6d1262d7096ef0,上海.漂亮饭 厨子探店¥5116,https://www.bilibili.com/video/BV1gZYFzJEwV,bilibili,3951.0,3160.8,5.005567196967459e-05,2025-09-12T03:38:46.790681,chatdb
68c395c63a6d1262d7096ef1,成都地铁错告偷拍案二审结果预测，以及追风小叶是否过度维权看法,https://www.bilibili.com/video/BV1c9HQz9Eap,bilibili,3737.0,2989.6000000000004,4.73444814352503e-05,2025-09-12T03:38:46.790681,chatdb
68c395c63a6d1262d7096ef2,日本人彻底破防了：为庆祝中俄战胜日本，俄军阅兵直接抓鬼子游街,https://www.bilibili.com/video/BV1AhHXzbE3U,bilibili,3587.0,2869.6000000000004,4.5444114238223936e-05,2025-09-12T03:38:46.790681,chatdb
68c395c63a6d1262d7096ef3,鹰眼：朋友们觉得我该死吗？,https://www.bilibili.com/video/BV1tsYPztEqJ,bilibili,3314.0,2651.2000000000003,4.198544593963594e-05,2025-09-12T03:38:46.790681,chatdb
68c395c63a6d1262d7096ef4,《阴阳师》雪御前CG丨冰火永烬（CV：早见沙织）,https://www.bilibili.com/video/BV1KfadzAEJy,bilibili,3267.0,2613.6000000000004,4.1389997551234345e-05,2025-09-12T03:38:46.790681,chatdb
68c395c63a6d1262d7096ef5,打洲一年，蜂医疯了… | 《三角洲好汉歌》一洲年进行曲,https://www.bilibili.com/video/BV1ADHQzdEDg,bilibili,3135.0,2508.0,3.9717674417851134e-05,2025-09-12T03:38:46.790681,chatdb
68c395c63a6d1262d7096ef6,流水线是没有歇息的,https://www.bilibili.com/video/BV1gwYNzAEgd,bilibili,3123.0,2498.4,3.956564504208902e-05,2025-09-12T03:38:46.790681,chatdb
68c395c63a6d1262d7096ef7,滑档到大专我本来打算退学重考...,https://www.bilibili.com/video/BV1aEYPzaEe7,bilibili,2754.0,2203.2000000000003,3.4890741737404156e-05,2025-09-12T03:38:46.790681,chatdb
68c395c63a6d1262d7096ef8,特厨探店 |河南第一大菜是什么？—又一新,https://www.bilibili.com/video/BV1LxH9zDEfG,bilibili,2552.0,2041.6000000000001,3.2331580578741976e-05,2025-09-12T03:38:46.790681,chatdb
68c395c63a6d1262d7096ef9,一发千钧 // 2025 无畏契约全球冠军赛主题曲,https://www.bilibili.com/video/BV1zsHyz8E5G,bilibili,2545.0,2036.0,3.224289677621408e-05,2025-09-12T03:38:46.790681,chatdb
68c395c63a6d1262d7096efa,摆拍“纯添加”博人眼球？别拿“剧情演绎”当挡箭牌！,https://www.bilibili.com/video/BV1ZmHCzREvM,bilibili,2458.0,1966.4,3.114068380193878e-05,2025-09-12T03:38:46.790681,chatdb
68c395c63a6d1262d7096efb,小时候巨好吃的老式面包！永远的真神！太无敌了！,https://www.bilibili.com/video/BV1U4aRzNEJf,bilibili,2331.0,1864.8000000000002,2.9531706241789794e-05,2025-09-12T03:38:46.790681,chatdb
68c395c63a6d1262d7096efc,这么出……应该……没错吧？,https://www.bilibili.com/video/BV1JyYPzyEPE,bilibili,2269.0,1815.2,2.8746221133685557e-05,2025-09-12T03:38:46.790681,chatdb
68c395c63a6d1262d7096efd,《拔野菜》,https://www.bilibili.com/video/BV1AiHCzPEAA,bilibili,2212.0,1769.6000000000001,2.802408159881554e-05,2025-09-12T03:38:46.790681,chatdb
68c395c63a6d1262d7096efe,烧麦：内蒙的孩子们，起床啦～,https://www.bilibili.com/video/BV187YFz2EKe,bilibili,1952.0,1561.6000000000001,2.4730111790636497e-05,2025-09-12T03:38:46.790681,chatdb
68c395c63a6d1262d7096eff,因为过于有用，活了几亿年的鲎快被人类搞灭绝了,https://www.bilibili.com/video/BV1ohYNzGENE,bilibili,1940.0,1552.0,2.4578082414874385e-05,2025-09-12T03:38:46.790681,chatdb
68c395c63a6d1262d7096f00,周年庆保底送3900券？福利总价值过千？3x3大改！失去联系都不用做了？「三角洲S6赛季」,https://www.bilibili.com/video/BV1GqH9zVEef,bilibili,1884.0,1507.2,2.3868611994651207e-05,2025-09-12T03:38:46.790681,chatdb
68c395c63a6d1262d7096f01,接龙游戏！点兵点将开始了哈,https://www.bilibili.com/video/BV1Afa9zsEAd,bilibili,1569.0,1255.2,1.987784088089583e-05,2025-09-12T03:38:46.790681,chatdb
68c395c63a6d1262d7096f02,童年爆红的登山赛车!结局终点隐藏了啥秘密？！,https://www.bilibili.com/video/BV1ZMYPzuE4i,bilibili,1404.0,1123.2,1.7787436964166823e-05,2025-09-12T03:38:46.790681,chatdb
68c395c63a6d1262d7096f03,00后新警:我成师傅了？,https://www.bilibili.com/video/BV1K8HCzMEbE,bilibili,1319.0,1055.2,1.6710562219185213e-05,2025-09-12T03:38:46.790681,chatdb
68c395c63a6d1262d7096f04,当我在猫咪咬我的时候，突然给它唱哈基米山歌,https://www.bilibili.com/video/BV1wGafzwEFg,bilibili,1270.0,1016.0,1.6089775601489932e-05,2025-09-12T03:38:46.790681,chatdb
68c395c63a6d1262d7096f05,为啥厂商宁愿挨骂，也不让游戏账号归你？【差评君】,https://www.bilibili.com/video/BV1cuaozxEw4,bilibili,1252.0,1001.6,1.5861731537846767e-05,2025-09-12T03:38:46.790681,chatdb
68c395c63a6d1262d7096f06,哈尔滨工程大学 大学生校园生活社恐,https://www.bilibili.com/video/BV1pEHyzvEJ5,bilibili,1219.0,975.2,1.5443650754500967e-05,2025-09-12T03:38:46.790681,chatdb
68c395c63a6d1262d7096f07,你们宿舍有a钱不给的人吗？,https://www.bilibili.com/video/BV1rEY5zGExx,bilibili,1214.0,971.2,1.5380305181266754e-05,2025-09-12T03:38:46.790681,chatdb
68c395c63a6d1262d7096f08,“成为妈妈和成为自己，从来不是二选一”,https://www.bilibili.com/video/BV1fGaozpEZB,bilibili,1179.0,943.2,1.493688616862727e-05,2025-09-12T03:38:46.790681,chatdb
68c395c63a6d1262d7096f09,《爱做局的朵拉女士》第二期~感谢大家支持！,https://www.bilibili.com/video/BV1G8HQzgED9,bilibili,1179.0,943.2,1.493688616862727e-05,2025-09-12T03:38:46.790681,chatdb
68c395c63a6d1262d7096f0a,嫩肉粉的原料竟是木瓜白浆 这才是真“狠活”【主播说三农】,https://www.bilibili.com/video/BV1eLHRz7Etu,bilibili,1043.0,834.4000000000001,1.3213886576656694e-05,2025-09-12T03:38:46.790681,chatdb
68c395c63a6d1262d7096f0b,我用B站赚的钱，买了个4层别墅【入住篇】,https://www.bilibili.com/video/BV1VgHDzNEbf,bilibili,957.0,765.6,1.212434271702824e-05,2025-09-12T03:38:46.790681,chatdb
68c395c63a6d1262d7096f0c,小伙18小时挣382元，检修时间奖励自己一个大鸡腿一盒酸盒饭，回头继续干,https://www.bilibili.com/video/BV12qaozKEqg,bilibili,899.0,719.2,1.1389534067511378e-05,2025-09-12T03:38:46.790681,chatdb
68c395c63a6d1262d7096f0d,开局被五影围杀，五十年后我被大蛇丸复活了【超长电影版】,https://www.bilibili.com/video/BV1wdHQzpE5N,bilibili,886.0,708.8000000000001,1.1224835577102426e-05,2025-09-12T03:38:46.790681,chatdb
68c395c63a6d1262d7096f0e,晚上回家不安全。,https://www.bilibili.com/video/BV1BmYPzkEW6,bilibili,811.0,648.8000000000001,1.0274651978589242e-05,2025-09-12T03:38:46.790681,chatdb
68c395c63a6d1262d7096f0f,【逆天小学生】孩子！放假别拍这种视频？！,https://www.bilibili.com/video/BV1JdHSzyEEW,bilibili,800.0,640.0,1.0135291717473974e-05,2025-09-12T03:38:46.790681,chatdb
68c395c63a6d1262d7096f10,枪如惊雷，照一身肝胆,https://www.bilibili.com/video/BV1Qpaoz1EQ7,bilibili,773.0,618.4000000000001,9.793225622009227e-06,2025-09-12T03:38:46.790681,chatdb
68c395c63a6d1262d7096f11,《你眼中的自己vs实际上》,https://www.bilibili.com/video/BV1deYNzgEvm,bilibili,714.0,571.2,9.045747857845522e-06,2025-09-12T03:38:46.790681,chatdb
68c395c63a6d1262d7096f12,搞笑动物解说大合集,https://www.bilibili.com/video/BV16HYNzJEZz,bilibili,690.0,552.0,8.741689106321301e-06,2025-09-12T03:38:46.790681,chatdb
68c395c63a6d1262d7096f13,我又进去了...,https://www.bilibili.com/video/BV1WUYgzKEtV,bilibili,636.0,508.8,8.057556915391808e-06,2025-09-12T03:38:46.790681,chatdb
68c395c63a6d1262d7096f14,一万只蟑螂和“张三”的过往纠葛？｜法学教师们的“青椒”故事【一麦三连EP11】,https://www.bilibili.com/video/BV1ngHSzLEf6,bilibili,592.0,473.6,7.500115870930741e-06,2025-09-12T03:38:46.790681,chatdb
68c395c63a6d1262d7096f15,喝完这杯奶茶就去实现梦想,https://www.bilibili.com/video/BV1zbYTzpEuS,bilibili,562.0,449.6,7.120042431525467e-06,2025-09-12T03:38:46.790681,chatdb
68c395c63a6d1262d7096f16,【第一季完结版】三角洲所有大红发生突变,https://www.bilibili.com/video/BV1TsaXzfEeL,bilibili,551.0,440.8,6.980682170410199e-06,2025-09-12T03:38:46.790681,chatdb
68c395c63a6d1262d7096f17,像《普通小孩》一样敢追梦！,https://www.bilibili.com/video/BV1unHCz5Eop,bilibili,486.0,388.8,6.157189718365439e-06,2025-09-12T03:38:46.790681,chatdb
68c395c63a6d1262d7096f18,你明明设计的是圈钱游戏，可玩家不但不反感，还让你多圈一点。,https://www.bilibili.com/video/BV1c7YAz5EfT,bilibili,440.0,352.0,5.574410444610685e-06,2025-09-12T03:38:46.790681,chatdb
68c395c63a6d1262d7096f19,难道....还有高手？？,https://www.bilibili.com/video/BV156adzLEqQ,bilibili,433.0,346.40000000000003,5.485726642082789e-06,2025-09-12T03:38:46.790681,chatdb
68c395c63a6d1262d7096f1a,芒种尾奏来啦！愿大家窗外有风景笔下有前途,https://www.bilibili.com/video/BV1NSYAzpEeW,bilibili,431.0,344.8,5.460388412789103e-06,2025-09-12T03:38:46.790681,chatdb
68c395c63a6d1262d7096f1b,“请亮血条吧”| 如果世界是个超大型副本！,https://www.bilibili.com/video/BV15GYLzKEn5,bilibili,414.0,331.20000000000005,5.245013463792782e-06,2025-09-12T03:38:46.790681,chatdb
68c395c63a6d1262d7096f1c,《千桥⭐万堵》,https://www.bilibili.com/video/BV1KMYAznEyt,bilibili,403.0,322.40000000000003,5.105653202677515e-06,2025-09-12T03:38:46.790681,chatdb
68c395c63a6d1262d7096f1d,【绝区零】世界第一公主殿下~席德,https://www.bilibili.com/video/BV1qiHUzBEsB,bilibili,396.0,316.8,5.016969400149617e-06,2025-09-12T03:38:46.790681,chatdb
68c395c63a6d1262d7096f1e,🐱哈基山的基米美如水啊🐱,https://www.bilibili.com/video/BV1vgYVzfEuF,bilibili,380.0,304.0,4.8142635658001375e-06,2025-09-12T03:38:46.790681,chatdb
68c395c63a6d1262d7096f1f,果然零号大坝到处危机四伏,https://www.bilibili.com/video/BV1L6YEzyEa9,bilibili,336.0,268.8,4.256822521339069e-06,2025-09-12T03:38:46.790681,chatdb
68c395c63a6d1262d7096f20,高中生：就你叫大学生啊？！！,https://www.bilibili.com/video/BV1qaadzDEh1,bilibili,335.0,268.0,4.244153406692226e-06,2025-09-12T03:38:46.790681,chatdb
68c395c63a6d1262d7096f21,逆天神器！得到它就能制霸海洋成为海王！,https://www.bilibili.com/video/BV1M7Y3zjE16,bilibili,328.0,262.40000000000003,4.155469604164329e-06,2025-09-12T03:38:46.790681,chatdb
68c395c63a6d1262d7096f22,哈基山的基米美不美？,https://www.bilibili.com/video/BV1JYaZzZEyb,bilibili,313.0,250.4,3.965432884461692e-06,2025-09-12T03:38:46.790681,chatdb
68c395c63a6d1262d7096f23,一蹲一站 主角打烂,https://www.bilibili.com/video/BV1JYaZzZEmR,bilibili,209.0,167.20000000000002,2.6478449611900757e-06,2025-09-12T03:38:46.790681,chatdb
68c395c63a6d1262d7096f24,一直想做这个蛋糕的，今天终于完成了一个心愿。希望控糖的家人们 也能吃到属于自己的生日蛋糕！（注意：淀粉可以去掉，面粉可以换成粗粮粉，适量食用，请勿过量）,https://www.bilibili.com/video/BV1zPYLzrEx8,bilibili,75.0,60.0,9.50183598513185e-07,2025-09-12T03:38:46.790681,chatdb
68c395c63a6d1262d7096f25,脆皮大学生之荒野求生小合集,https://www.bilibili.com/video/BV1GJH1zXEoE,bilibili,48.0,38.400000000000006,6.081175030484384e-07,2025-09-12T03:38:46.790681,chatdb
68c395c63a6d1262d7096f26,铁的纪律，钢的意志，网友：这就是中国军人！,https://www.bilibili.com/video/BV18yYNzeEgK,bilibili,26.0,20.8,3.2939698081790415e-07,2025-09-12T03:38:46.790681,chatdb
68c395c63a6d1262d7096f27,《万恶物资》1-3,https://www.bilibili.com/video/BV1fRHSz5E5q,bilibili,21.0,16.8,2.6605140758369183e-07,2025-09-12T03:38:46.790681,chatdb
68c395c63a6d1262d7096f28,锐评哈基米六大金曲，全听过的不用去学校了！,https://www.bilibili.com/video/BV1fyYPzyEYq,bilibili,20.0,16.0,2.533822929368493e-07,2025-09-12T03:38:46.790681,chatdb
68c395c63a6d1262d7096f29,极致的帅，还得是和兄弟的组合技啊,https://www.bilibili.com/video/BV1NfadzAE6k,bilibili,19.0,15.200000000000001,2.407131782900069e-07,2025-09-12T03:38:46.790681,chatdb
68c395c63a6d1262d7096f2a,我剜下重瞳救了妹妹，她却用我的眼睛，看着我被炼化成丹！,https://www.bilibili.com/video/BV1VHaoz7EFt,bilibili,14.0,11.200000000000001,1.7736760505579454e-07,2025-09-12T03:38:46.790681,chatdb
68c395c63a6d1262d7096f2b,曾经称霸宇宙的虫族霸主抱脸虫，如今只能沦落到跟苍蝇抢饭吃！,https://www.bilibili.com/video/BV1WvHazNEah,bilibili,7.0,5.6000000000000005,8.868380252789727e-08,2025-09-12T03:38:46.790681,chatdb
68c395c63a6d1262d7096f2c,《如烟幻梦》第一集,https://www.bilibili.com/video/BV1nCYPzLEqN,bilibili,6.0,4.800000000000001,7.60146878810548e-08,2025-09-12T03:38:46.790681,chatdb
68c395c63a6d1262d7096f2d,"循环歌单 |【深夜拦车】| ""秒开仙人模式你怎么防【哈士奇】""",https://www.bilibili.com/video/BV1NzHmzmE25,bilibili,6.0,4.800000000000001,7.60146878810548e-08,2025-09-12T03:38:46.790681,chatdb
68c395c63a6d1262d7096f2e,男孩被5个开挂的爷爷奶奶养大，归市同居校花逆袭！,https://www.bilibili.com/video/BV1kQYczGEZo,bilibili,4.0,3.2,5.0676458587369866e-08,2025-09-12T03:38:46.790681,chatdb
68c395c63a6d1262d7096f2f,和平发展是中国的坚定选择,https://s.weibo.com/weibo?q=%23%E5%92%8C%E5%B9%B3%E5%8F%91%E5%B1%95%E6%98%AF%E4%B8%AD%E5%9B%BD%E7%9A%84%E5%9D%9A%E5%AE%9A%E9%80%89%E6%8B%A9&t=31&band_rank=1&Refer=top,weibo,0.0,0.0,0.0,2025-09-12T03:38:46.790681,chatdb
68c395c63a6d1262d7096f30,罗永浩奖励10万征集西贝预制菜线索,https://s.weibo.com/weibo?q=%23%E7%BD%97%E6%B0%B8%E6%B5%A9%E5%A5%96%E5%8A%B110%E4%B8%87%E5%BE%81%E9%9B%86%E8%A5%BF%E8%B4%9D%E9%A2%84%E5%88%B6%E8%8F%9C%E7%BA%BF%E7%B4%A2&t=31&band_rank=1&Refer=top,weibo,0.0,0.0,0.0,2025-09-12T03:38:46.790681,chatdb
68c395c63a6d1262d7096f31,龚俊 李沁你也是,https://s.weibo.com/weibo?q=%23%E9%BE%9A%E4%BF%8A%20%E6%9D%8E%E6%B2%81%E4%BD%A0%E4%B9%9F%E6%98%AF&t=31&band_rank=1&Refer=top,weibo,0.0,0.0,0.0,2025-09-12T03:38:46.790681,chatdb
68c395c63a6d1262d7096f32,接30位烈士遗骸回国,https://s.weibo.com/weibo?q=%23%E6%8E%A530%E4%BD%8D%E7%83%88%E5%A3%AB%E9%81%97%E9%AA%B8%E5%9B%9E%E5%9B%BD&t=31&band_rank=1&Refer=top,weibo,0.0,0.0,0.0,2025-09-12T03:38:46.790681,chatdb
68c395c63a6d1262d7096f33,孝心主礼人刘涛,https://s.weibo.com/weibo?q=%23%E5%AD%9D%E5%BF%83%E4%B8%BB%E7%A4%BC%E4%BA%BA%E5%88%98%E6%B6%9B&t=31&band_rank=1&Refer=top,weibo,0.0,0.0,0.0,2025-09-12T03:38:46.790681,chatdb
68c395c63a6d1262d7096f34,刑事立案下降25.7%,https://s.weibo.com/weibo?q=%23%E5%88%91%E4%BA%8B%E7%AB%8B%E6%A1%88%E4%B8%8B%E9%99%8D25.7%25&t=31&band_rank=1&Refer=top,weibo,0.0,0.0,0.0,2025-09-12T03:38:46.790681,chatdb
68c395c63a6d1262d7096f35,虞书欣双轨过审了,https://s.weibo.com/weibo?q=%23%E8%99%9E%E4%B9%A6%E6%AC%A3%E5%8F%8C%E8%BD%A8%E8%BF%87%E5%AE%A1%E4%BA%86&t=31&band_rank=1&Refer=top,weibo,0.0,0.0,0.0,2025-09-12T03:38:46.790681,chatdb
68c395c63a6d1262d7096f36,罗永浩称难受的肯定不是我,https://s.weibo.com/weibo?q=%23%E7%BD%97%E6%B0%B8%E6%B5%A9%E7%A7%B0%E9%9A%BE%E5%8F%97%E7%9A%84%E8%82%AF%E5%AE%9A%E4%B8%8D%E6%98%AF%E6%88%91&t=31&band_rank=1&Refer=top,weibo,0.0,0.0,0.0,2025-09-12T03:38:46.790681,chatdb
68c395c63a6d1262d7096f37,原来我早就用过巴黎合伙人同款了,https://s.weibo.com/weibo?q=%23%E5%8E%9F%E6%9D%A5%E6%88%91%E6%97%A9%E5%B0%B1%E7%94%A8%E8%BF%87%E5%B7%B4%E9%BB%8E%E5%90%88%E4%BC%99%E4%BA%BA%E5%90%8C%E6%AC%BE%E4%BA%86&t=31&band_rank=1&Refer=top,weibo,0.0,0.0,0.0,2025-09-12T03:38:46.790681,chatdb
68c395c63a6d1262d7096f38,杨幂39了,https://s.weibo.com/weibo?q=%23%E6%9D%A8%E5%B9%8239%E4%BA%86&t=31&band_rank=1&Refer=top,weibo,0.0,0.0,0.0,2025-09-12T03:38:46.790681,chatdb
68c395c63a6d1262d7096f39,有小学建议不让老人接送小孩,https://s.weibo.com/weibo?q=%23%E6%9C%89%E5%B0%8F%E5%AD%A6%E5%BB%BA%E8%AE%AE%E4%B8%8D%E8%AE%A9%E8%80%81%E4%BA%BA%E6%8E%A5%E9%80%81%E5%B0%8F%E5%AD%A9&t=31&band_rank=1&Refer=top,weibo,0.0,0.0,0.0,2025-09-12T03:38:46.790681,chatdb
68c395c63a6d1262d7096f3a,罗永浩西贝之争倒逼餐饮透明化,https://s.weibo.com/weibo?q=%23%E7%BD%97%E6%B0%B8%E6%B5%A9%E8%A5%BF%E8%B4%9D%E4%B9%8B%E4%BA%89%E5%80%92%E9%80%BC%E9%A4%90%E9%A5%AE%E9%80%8F%E6%98%8E%E5%8C%96&t=31&band_rank=1&Refer=top,weibo,0.0,0.0,0.0,2025-09-12T03:38:46.790681,chatdb
68c395c63a6d1262d7096f3b,运20空地对话,https://s.weibo.com/weibo?q=%23%E8%BF%9020%E7%A9%BA%E5%9C%B0%E5%AF%B9%E8%AF%9D&t=31&band_rank=1&Refer=top,weibo,0.0,0.0,0.0,2025-09-12T03:38:46.790681,chatdb
68c395c63a6d1262d7096f3c,原来会计才是吃瓜最多的行业,https://s.weibo.com/weibo?q=%23%E5%8E%9F%E6%9D%A5%E4%BC%9A%E8%AE%A1%E6%89%8D%E6%98%AF%E5%90%83%E7%93%9C%E6%9C%80%E5%A4%9A%E7%9A%84%E8%A1%8C%E4%B8%9A&t=31&band_rank=1&Refer=top,weibo,0.0,0.0,0.0,2025-09-12T03:38:46.790681,chatdb
68c395c63a6d1262d7096f3d,这样卖碱水面包不会脏吗,https://s.weibo.com/weibo?q=%23%E8%BF%99%E6%A0%B7%E5%8D%96%E7%A2%B1%E6%B0%B4%E9%9D%A2%E5%8C%85%E4%B8%8D%E4%BC%9A%E8%84%8F%E5%90%97&t=31&band_rank=1&Refer=top,weibo,0.0,0.0,0.0,2025-09-12T03:38:46.790681,chatdb
68c395c63a6d1262d7096f3e,日军细菌战受害者整夜叫痛,https://s.weibo.com/weibo?q=%23%E6%97%A5%E5%86%9B%E7%BB%86%E8%8F%8C%E6%88%98%E5%8F%97%E5%AE%B3%E8%80%85%E6%95%B4%E5%A4%9C%E5%8F%AB%E7%97%9B&t=31&band_rank=1&Refer=top,weibo,0.0,0.0,0.0,2025-09-12T03:38:46.790681,chatdb
68c395c63a6d1262d7096f3f,世界第二网红来了天津也得摊煎饼,https://s.weibo.com/weibo?q=%23%E4%B8%96%E7%95%8C%E7%AC%AC%E4%BA%8C%E7%BD%91%E7%BA%A2%E6%9D%A5%E4%BA%86%E5%A4%A9%E6%B4%A5%E4%B9%9F%E5%BE%97%E6%91%8A%E7%85%8E%E9%A5%BC&t=31&band_rank=1&Refer=top,weibo,0.0,0.0,0.0,2025-09-12T03:38:46.790681,chatdb
68c395c63a6d1262d7096f40,英雄回家,https://s.weibo.com/weibo?q=%23%E8%8B%B1%E9%9B%84%E5%9B%9E%E5%AE%B6&t=31&band_rank=1&Refer=top,weibo,0.0,0.0,0.0,2025-09-12T03:38:46.790681,chatdb
68c395c63a6d1262d7096f41,成毅路人盘,https://s.weibo.com/weibo?q=%23%E6%88%90%E6%AF%85%E8%B7%AF%E4%BA%BA%E7%9B%98&t=31&band_rank=1&Refer=top,weibo,0.0,0.0,0.0,2025-09-12T03:38:46.790681,chatdb
68c395c63a6d1262d7096f42,梁伟铿王昶杀疯了,https://s.weibo.com/weibo?q=%23%E6%A2%81%E4%BC%9F%E9%93%BF%E7%8E%8B%E6%98%B6%E6%9D%80%E7%96%AF%E4%BA%86&t=31&band_rank=1&Refer=top,weibo,0.0,0.0,0.0,2025-09-12T03:38:46.790681,chatdb
68c395c63a6d1262d7096f43,丁禹兮为什么要用舌头翻书,https://s.weibo.com/weibo?q=%23%E4%B8%81%E7%A6%B9%E5%85%AE%E4%B8%BA%E4%BB%80%E4%B9%88%E8%A6%81%E7%94%A8%E8%88%8C%E5%A4%B4%E7%BF%BB%E4%B9%A6&t=31&band_rank=1&Refer=top,weibo,0.0,0.0,0.0,2025-09-12T03:38:46.790681,chatdb
68c395c63a6d1262d7096f44,提交身份证复印件要写明用途,https://s.weibo.com/weibo?q=%23%E6%8F%90%E4%BA%A4%E8%BA%AB%E4%BB%BD%E8%AF%81%E5%A4%8D%E5%8D%B0%E4%BB%B6%E8%A6%81%E5%86%99%E6%98%8E%E7%94%A8%E9%80%94&t=31&band_rank=1&Refer=top,weibo,0.0,0.0,0.0,2025-09-12T03:38:46.790681,chatdb
68c395c63a6d1262d7096f45,特朗普看球赛安装防弹玻璃,https://s.weibo.com/weibo?q=%23%E7%89%B9%E6%9C%97%E6%99%AE%E7%9C%8B%E7%90%83%E8%B5%9B%E5%AE%89%E8%A3%85%E9%98%B2%E5%BC%B9%E7%8E%BB%E7%92%83&t=31&band_rank=1&Refer=top,weibo,0.0,0.0,0.0,2025-09-12T03:38:46.790681,chatdb
68c395c63a6d1262d7096f46,罗永浩当面说挺好背后说恶心,https://s.weibo.com/weibo?q=%23%E7%BD%97%E6%B0%B8%E6%B5%A9%E5%BD%93%E9%9D%A2%E8%AF%B4%E6%8C%BA%E5%A5%BD%E8%83%8C%E5%90%8E%E8%AF%B4%E6%81%B6%E5%BF%83&t=31&band_rank=1&Refer=top,weibo,0.0,0.0,0.0,2025-09-12T03:38:46.790681,chatdb
68c395c63a6d1262d7096f47,李佳琦把赵昭仪养的很好,https://s.weibo.com/weibo?q=%23%E6%9D%8E%E4%BD%B3%E7%90%A6%E6%8A%8A%E8%B5%B5%E6%98%AD%E4%BB%AA%E5%85%BB%E7%9A%84%E5%BE%88%E5%A5%BD&t=31&band_rank=1&Refer=top,weibo,0.0,0.0,0.0,2025-09-12T03:38:46.790681,chatdb
68c395c63a6d1262d7096f48,热巴零点祝杨幂万事遂意,https://s.weibo.com/weibo?q=%23%E7%83%AD%E5%B7%B4%E9%9B%B6%E7%82%B9%E7%A5%9D%E6%9D%A8%E5%B9%82%E4%B8%87%E4%BA%8B%E9%81%82%E6%84%8F&t=31&band_rank=1&Refer=top,weibo,0.0,0.0,0.0,2025-09-12T03:38:46.790681,chatdb
68c395c63a6d1262d7096f49,终于有剧能收拾恶婆婆了,https://s.weibo.com/weibo?q=%23%E7%BB%88%E4%BA%8E%E6%9C%89%E5%89%A7%E8%83%BD%E6%94%B6%E6%8B%BE%E6%81%B6%E5%A9%86%E5%A9%86%E4%BA%86&t=31&band_rank=1&Refer=top,weibo,0.0,0.0,0.0,2025-09-12T03:38:46.790681,chatdb
68c395c63a6d1262d7096f4a,罗永浩 西贝,https://s.weibo.com/weibo?q=%23%E7%BD%97%E6%B0%B8%E6%B5%A9%20%E8%A5%BF%E8%B4%9D&t=31&band_rank=1&Refer=top,weibo,0.0,0.0,0.0,2025-09-12T03:38:46.790681,chatdb
68c395c63a6d1262d7096f4b,沈阳车辆不从烈士遗骸上方驶过,https://s.weibo.com/weibo?q=%23%E6%B2%88%E9%98%B3%E8%BD%A6%E8%BE%86%E4%B8%8D%E4%BB%8E%E7%83%88%E5%A3%AB%E9%81%97%E9%AA%B8%E4%B8%8A%E6%96%B9%E9%A9%B6%E8%BF%87&t=31&band_rank=1&Refer=top,weibo,0.0,0.0,0.0,2025-09-12T03:38:46.790681,chatdb
68c395c63a6d1262d7096f4c,西贝将上线罗永浩菜单,https://s.weibo.com/weibo?q=%23%E8%A5%BF%E8%B4%9D%E5%B0%86%E4%B8%8A%E7%BA%BF%E7%BD%97%E6%B0%B8%E6%B5%A9%E8%8F%9C%E5%8D%95&t=31&band_rank=1&Refer=top,weibo,0.0,0.0,0.0,2025-09-12T03:38:46.790681,chatdb
68c395c63a6d1262d7096f4d,井胧你倒是看一眼是井迪啊,https://s.weibo.com/weibo?q=%23%E4%BA%95%E8%83%A7%E4%BD%A0%E5%80%92%E6%98%AF%E7%9C%8B%E4%B8%80%E7%9C%BC%E6%98%AF%E4%BA%95%E8%BF%AA%E5%95%8A&t=31&band_rank=1&Refer=top,weibo,0.0,0.0,0.0,2025-09-12T03:38:46.790681,chatdb
68c395c63a6d1262d7096f4e,金发宋雨琦又杀回来了,https://s.weibo.com/weibo?q=%23%E9%87%91%E5%8F%91%E5%AE%8B%E9%9B%A8%E7%90%A6%E5%8F%88%E6%9D%80%E5%9B%9E%E6%9D%A5%E4%BA%86&t=31&band_rank=1&Refer=top,weibo,0.0,0.0,0.0,2025-09-12T03:38:46.790681,chatdb
68c395c63a6d1262d7096f4f,脾胃一旦通畅减肥是很快的,https://s.weibo.com/weibo?q=%23%E8%84%BE%E8%83%83%E4%B8%80%E6%97%A6%E9%80%9A%E7%95%85%E5%87%8F%E8%82%A5%E6%98%AF%E5%BE%88%E5%BF%AB%E7%9A%84&t=31&band_rank=1&Refer=top,weibo,0.0,0.0,0.0,2025-09-12T03:38:46.790681,chatdb
68c395c63a6d1262d7096f50,西贝将起诉罗永浩,https://s.weibo.com/weibo?q=%23%E8%A5%BF%E8%B4%9D%E5%B0%86%E8%B5%B7%E8%AF%89%E7%BD%97%E6%B0%B8%E6%B5%A9&t=31&band_rank=1&Refer=top,weibo,0.0,0.0,0.0,2025-09-12T03:38:46.790681,chatdb
68c395c63a6d1262d7096f51,高质量完成十四五规划系列发布会,https://s.weibo.com/weibo?q=%23%E9%AB%98%E8%B4%A8%E9%87%8F%E5%AE%8C%E6%88%90%E5%8D%81%E5%9B%9B%E4%BA%94%E8%A7%84%E5%88%92%E7%B3%BB%E5%88%97%E5%8F%91%E5%B8%83%E4%BC%9A&t=31&band_rank=1&Refer=top,weibo,0.0,0.0,0.0,2025-09-12T03:38:46.790681,chatdb
68c395c63a6d1262d7096f52,狗子一时无法接受已经当爹的事实,https://s.weibo.com/weibo?q=%23%E7%8B%97%E5%AD%90%E4%B8%80%E6%97%B6%E6%97%A0%E6%B3%95%E6%8E%A5%E5%8F%97%E5%B7%B2%E7%BB%8F%E5%BD%93%E7%88%B9%E7%9A%84%E4%BA%8B%E5%AE%9E&t=31&band_rank=1&Refer=top,weibo,0.0,0.0,0.0,2025-09-12T03:38:46.790681,chatdb
68c395c63a6d1262d7096f53,西贝晒出罗永浩消费账单,https://s.weibo.com/weibo?q=%23%E8%A5%BF%E8%B4%9D%E6%99%92%E5%87%BA%E7%BD%97%E6%B0%B8%E6%B5%A9%E6%B6%88%E8%B4%B9%E8%B4%A6%E5%8D%95&t=31&band_rank=1&Refer=top,weibo,0.0,0.0,0.0,2025-09-12T03:38:46.790681,chatdb
68c395c63a6d1262d7096f54,闫闯 小米,https://s.weibo.com/weibo?q=%23%E9%97%AB%E9%97%AF%20%E5%B0%8F%E7%B1%B3&t=31&band_rank=1&Refer=top,weibo,0.0,0.0,0.0,2025-09-12T03:38:46.790681,chatdb
68c395c63a6d1262d7096f55,西贝,https://s.weibo.com/weibo?q=%23%E8%A5%BF%E8%B4%9D&t=31&band_rank=1&Refer=top,weibo,0.0,0.0,0.0,2025-09-12T03:38:46.790681,chatdb
68c395c63a6d1262d7096f56,预制菜,https://s.weibo.com/weibo?q=%23%E9%A2%84%E5%88%B6%E8%8F%9C&t=31&band_rank=1&Refer=top,weibo,0.0,0.0,0.0,2025-09-12T03:38:46.790681,chatdb
68c395c63a6d1262d7096f57,半佛,https://s.weibo.com/weibo?q=%23%E5%8D%8A%E4%BD%9B&t=31&band_rank=1&Refer=top,weibo,0.0,0.0,0.0,2025-09-12T03:38:46.790681,chatdb
68c395c63a6d1262d7096f58,四川暴雨预警蓝到发紫,https://s.weibo.com/weibo?q=%23%E5%9B%9B%E5%B7%9D%E6%9A%B4%E9%9B%A8%E9%A2%84%E8%AD%A6%E8%93%9D%E5%88%B0%E5%8F%91%E7%B4%AB&t=31&band_rank=1&Refer=top,weibo,0.0,0.0,0.0,2025-09-12T03:38:46.790681,chatdb
68c395c63a6d1262d7096f59,中国资产彻底爆发,https://s.weibo.com/weibo?q=%23%E4%B8%AD%E5%9B%BD%E8%B5%84%E4%BA%A7%E5%BD%BB%E5%BA%95%E7%88%86%E5%8F%91&t=31&band_rank=1&Refer=top,weibo,0.0,0.0,0.0,2025-09-12T03:38:46.790681,chatdb
68c395c63a6d1262d7096f5a,iPhone17今晚8点接受预购,https://s.weibo.com/weibo?q=%23iPhone17%E4%BB%8A%E6%99%9A8%E7%82%B9%E6%8E%A5%E5%8F%97%E9%A2%84%E8%B4%AD&t=31&band_rank=1&Refer=top,weibo,0.0,0.0,0.0,2025-09-12T03:38:46.790681,chatdb
68c395c63a6d1262d7096f5b,特朗普将出席遭枪杀盟友葬礼,https://s.weibo.com/weibo?q=%23%E7%89%B9%E6%9C%97%E6%99%AE%E5%B0%86%E5%87%BA%E5%B8%AD%E9%81%AD%E6%9E%AA%E6%9D%80%E7%9B%9F%E5%8F%8B%E8%91%AC%E7%A4%BC&t=31&band_rank=1&Refer=top,weibo,0.0,0.0,0.0,2025-09-12T03:38:46.790681,chatdb
68c395c63a6d1262d7096f5c,婚礼上把不喜欢的环节取消了,https://s.weibo.com/weibo?q=%23%E5%A9%9A%E7%A4%BC%E4%B8%8A%E6%8A%8A%E4%B8%8D%E5%96%9C%E6%AC%A2%E7%9A%84%E7%8E%AF%E8%8A%82%E5%8F%96%E6%B6%88%E4%BA%86&t=31&band_rank=1&Refer=top,weibo,0.0,0.0,0.0,2025-09-12T03:38:46.790681,chatdb
68c395c63a6d1262d7096f5d,综艺新人躺过道惊呆沈腾黄晓明,https://s.weibo.com/weibo?q=%23%E7%BB%BC%E8%89%BA%E6%96%B0%E4%BA%BA%E8%BA%BA%E8%BF%87%E9%81%93%E6%83%8A%E5%91%86%E6%B2%88%E8%85%BE%E9%BB%84%E6%99%93%E6%98%8E&t=31&band_rank=1&Refer=top,weibo,0.0,0.0,0.0,2025-09-12T03:38:46.790681,chatdb
68c395c63a6d1262d7096f5e,今天我们带你回家,https://s.weibo.com/weibo?q=%23%E4%BB%8A%E5%A4%A9%E6%88%91%E4%BB%AC%E5%B8%A6%E4%BD%A0%E5%9B%9E%E5%AE%B6&t=31&band_rank=1&Refer=top,weibo,0.0,0.0,0.0,2025-09-12T03:38:46.790681,chatdb
68c395c63a6d1262d7096f5f,不眠日定档,https://s.weibo.com/weibo?q=%23%E4%B8%8D%E7%9C%A0%E6%97%A5%E5%AE%9A%E6%A1%A3&t=31&band_rank=1&Refer=top,weibo,0.0,0.0,0.0,2025-09-12T03:38:46.790681,chatdb
68c395c63a6d1262d7096f60,运20机舱内对烈士广播,https://s.weibo.com/weibo?q=%23%E8%BF%9020%E6%9C%BA%E8%88%B1%E5%86%85%E5%AF%B9%E7%83%88%E5%A3%AB%E5%B9%BF%E6%92%AD&t=31&band_rank=1&Refer=top,weibo,0.0,0.0,0.0,2025-09-12T03:38:46.790681,chatdb
68c395c63a6d1262d7096f61,iPhoneAir在华发售延期,https://s.weibo.com/weibo?q=%23iPhoneAir%E5%9C%A8%E5%8D%8E%E5%8F%91%E5%94%AE%E5%BB%B6%E6%9C%9F&t=31&band_rank=1&Refer=top,weibo,0.0,0.0,0.0,2025-09-12T03:38:46.790681,chatdb
68c395c63a6d1262d7096f62,华为三折叠产线首次曝光,https://s.weibo.com/weibo?q=%23%E5%8D%8E%E4%B8%BA%E4%B8%89%E6%8A%98%E5%8F%A0%E4%BA%A7%E7%BA%BF%E9%A6%96%E6%AC%A1%E6%9B%9D%E5%85%89&t=31&band_rank=1&Refer=top,weibo,0.0,0.0,0.0,2025-09-12T03:38:46.790681,chatdb
68c395c63a6d1262d7096f63,志愿军老兵高唱我的祖国迎接忠魂归乡,https://s.weibo.com/weibo?q=%23%E5%BF%97%E6%84%BF%E5%86%9B%E8%80%81%E5%85%B5%E9%AB%98%E5%94%B1%E6%88%91%E7%9A%84%E7%A5%96%E5%9B%BD%E8%BF%8E%E6%8E%A5%E5%BF%A0%E9%AD%82%E5%BD%92%E4%B9%A1&t=31&band_rank=1&Refer=top,weibo,0.0,0.0,0.0,2025-09-12T03:38:46.790681,chatdb
68c395c63a6d1262d7096f64,轻轻叫醒沉睡的心灵,https://www.bilibili.com/video/BV1LSYPz3EQq,bilibili,0.0,0.0,0.0,2025-09-12T03:38:46.790681,chatdb
